{
  "accuracy": 0.8537735849056604,
  "precision": 0.5757575757575758,
  "recall": 0.5277777777777778,
  "f1": 0.5507246376811594,
  "roc_auc": 0.804135101010101,
  "threshold": 0.44,
  "labeled_rows": 1058,
  "total_rows": 1470,
  "missing_attrition": 412
}